名称,不安臨界,画像名
男子学生,2,396dbade291a829dded66aeb0dbe898adae1c1233ea07774bc031f1e2ab9
女子学生,3,ba00826c5d66f78ed69cf84faf3fc37f086a14c9f83bde13e3f1384e77cb
お嬢様,1,6f9428d89711917f316dffefbc19d48f40522a4d4de8a628c9a9d728adec
巫女,2,2d93fa6dbad72b3db5342730a0b81fd3133fea3173c2aae8e767ea664987
刑事,3,5141740c47cb697fdaba26a3c09cdb0da0e4fb1a030b022eaaad1d849c89
サラリーマン,2,10a19750276545f620c28dc62756065821a8003acc0c45f2ea17f9ade151
情報屋,2,737021cb58bb30bfc7f4f7a9aae304ddc4a6350dac517df87e16851c833d
医者,2,43d25f778ab9777e4fb9a6fd826ca8b0ef5708f40135a1ed1afd885a62b7
入院患者,2,019b25c6cd72209368a3185bf4d57e45b80daa811c9644f96ef762f0ce27
委員長,2,7d43e078ab7473b2527171e07c03e7f1ddad111aaaa8837e03255829ad95
イレギュラー,3,4a7f553505d138fd379e4acad80fe88cf3e0a142930e96b761c1ce35aece
異世界人,2,2467cd1a030a2d3065ba2cec4722ea7f203eec55105154d760ee9ca15fd1
神格,3,4419c52484afbcf6b974573c35f96a965cba4562c5713547449713ef4aae
アイドル,2,69e28ef9c1b0ee8a8a736e8ee4f618303e7172f0eb442ee467c3c2982f5d
マスコミ,2,7c9252f08da4dcf8eb3a10913fb16dc0bb93b99fb3f04cd474b826959725
大物,4,2702a8d1237233e4faebd52755fa9e975d8641e1cf31cf06939d0c5df5ec
ナース,2,f4031b135fab1f147bb23bf5eb7b4c5cac534c8388d7f555513f51c730c8
手先,1,7e7be03558f703f10ab5b639f75caa76d3504af37e66f65acfaee235ad93
学者,2,5db6b53a37612986ece8589000a411664acfbdb33819b2f99c254fa67e17
幻想,3,3478befcd320701e2615afc21ab6ed85d18f5cc9c461093bb3febd64dcac
鑑識官,3,2266902133e6e423a645536b83c8e75c87e87d092e590ea14944419661ad
A.I.,3,1270228469aba3534de04697bab2771b3a7924db4c1aa2d97d74c3a56929
先生,2,c4940b9add1c2b21a023f1ea02afc6565fe93af5c2d3de0a2975bde2996e
転校生,2,122f1ad078e9de52d81292ca560c7a262982825db8d89e7ff6778d5335bc
軍人,3,0d635394fb92538d0f080838bd258a62be4af4e78956e8ac5ae4f8b2f5c5
黒猫,0,d9a2e0d4cdd3ba8365d627b1fd5d6a1ab5617b6d4fda7a85fefb260178bf
女の子,1,2d96ccd9de05613d6e7ba9f8dd3e9ee853d9f534130272c1d7b3daed58ac
コピーキャット,2,1f7bc86fec06984c637844cc5a6be5e974b57244f0d4fbc2055b2a86121b
教祖,3,e5d6fc155e10cc2a1dc8063eff357e61a37356d891dd2ff7d1f125b84f13
ご神木,4,cc865640c782fdad4735ea3420119297b9b7de5d9e0a1ce28d055f68a849
妹,3,2d3fb42ab3bd80cffd7c2a4a7d1ac501e1d2f64429f2a33d5ed2abc1b6f5
アルバイト,1,3cdba5fdf8bce8f6df68c08689d3397b2081a73f7eb9e51ee564ac109103
アルバイト？,3,b13612d06988d833ef725c97f54bd0ce66246999c78609273cf7413d264e
従者,3,b8f47e9dbcc857c2194778d704570cf12de330e39b2d5b8825034bbb21b1
上位存在,2,bfab12c9b02368a0965117e8db9099a392c4339d27ddaf168cb0d20c4c50
